"idxlist","fitted_value","pvalue","test_stat"
70,-0.295911285460314,5.54596288345117e-29,-11.1727145312002
139,-0.345909768739934,2.03556711154041e-43,-13.8161919612716
1005,0.117242856177705,0.00175209839050415,3.1293225901884
1780,0.151883016076462,1.17528425060499e-06,4.85975952143984
3987,-0.158680674761474,0.000174489309020301,-3.75334662761845
