"idxlist","fitted_value","pvalue","test_stat"
70,-0.324540567114441,3.51865078358608e-22,-9.68422555480027
139,-0.233013788735427,2.06056097140287e-13,-7.34480707531085
1033,-0.104490911380917,0.00207056833291921,-3.07991909342079
4659,-0.124242718212937,0.000423995618154772,-3.52467939127593
4954,0.14174609992851,0.000185132077658579,3.73848562322414
6012,0.13200921783317,0.0008030352171059,3.35174647218909
7629,-0.145146091246012,3.33505700424473e-05,-4.1492916358674
7899,-0.109670092372371,0.000488051179469385,-3.48723014284644
