"idxlist","fitted_value","pvalue","test_stat"
70,-0.29485270786771,5.41605310922747e-11,-6.55902552854204
139,-0.261830708076881,2.30171017108775e-11,-6.68547868849442
1730,-0.119162524505772,0.0106120286684577,-2.55522136134963
3827,-0.11323857141546,0.014129479855433,-2.45395465195355
4078,-0.147310148813773,0.000615142970239909,-3.42484822180205
5029,0.220223049875733,1.9153037366137e-06,4.76216142290078
5444,0.135635940230351,0.0026944916189312,3.00059898393352
5590,-0.100707372373125,0.00283311083790949,-2.98528838929778
